Name,Artists,Album,Release Date
Glance Out A Casement Window,Janet Redger,Glance Out A Casement Window,2023-01-27
This Tender Appeal,Allysium,This Tender Appeal,2023-03-24
Lyrides,Jozef De Schutter,Lyrides,2022-08-26
Calm Wind,Elfrieda,Calm Wind,2023-06-09
A Time Long Ago,Polly Carter,A Time Long Ago,2023-05-05
Sanctuary,Floyd Nova,Sanctuary,2023-06-02
Waitings,Felix Tanguy,Waitings,2022-09-09
From Home,Vivian Roost,From Home,2022-10-28
Forevermore,Ambrosiae,Forevermore,2023-06-16
Evening Star,Ron Adelaar,Evening Star,2023-06-16
Valse Naturelle,Etienne Balestre,Valse Naturelle,2023-05-05
Missing You,Aeyes Libe,Missing You,2023-06-01
Saying Things,Emanuel Fremont,Saying Things,2022-04-01
Beauty,Oscar Mallen,Beauty,2023-04-14
Sonnet 1,Frederico Morales,Sonnet 1,2023-06-23
Deja,Taganema,Deja,2023-06-09
Nordanvind,Malmkvist,Nordanvind,2023-01-20
Humble,Christian Janssen,Humble,2023-06-09
When It´s Love,Junie Oakes,When It´s Love,2023-06-23
Fiume,Carluccio,Fiume,2023-03-10
Onward,Remi Sinclair,Onward,2023-05-12
Your Happiness,Kisane,Your Happiness,2023-06-23
Mercury,Ivan Malik,Mercury,2023-04-14
Sou,Hideyuki Hashimoto,Sou,2023-06-09
Printemps,Les Rêveries,Printemps,2023-05-05
Lisser,Miran,Lisser,2023-03-03
Pines and Cedars,Maya Sarfatto,Pines and Cedars,2023-02-10
Un sourire et une larme (valse),Tom Kristiaan,Petites danses et rêveries,2022-05-20
Never Let You Go,Junie Graziano,Never Let You Go,2023-03-31
Nouvelles Tentatives,Zander Shaelyn,Nouvelles Tentatives,2022-11-11
Whatever Will Be,Chloe Doyle,Whatever Will Be,2023-06-23
Les Soir,Mes Croquis,Les Soir,2023-06-09
Release from silence,Patrick Buote,Release from silence,2023-02-17
Moondust,Nina Fiadh,Moondust,2023-03-31
Air from Air,Yasuo Zen,Air from Air,2023-03-03
For the Love of You,Henriette Fleich,For the Love of You,2023-04-14
Azalea,Chad Hammond,Azalea,2023-04-28
Lofoten,Otto Noir,Lofoten,2023-05-05
Liminal ride,Luna Bauer,Liminal ride,2022-11-25
Muse,Ina Lawson,Muse,2023-04-28
Morning Dance,Amine Ayad,Morning Dance,2022-11-04
Entangled - Ole-Bjørn Talstad Rework,"Klur,Ole-Bjørn Talstad",Entangled (Ole-Bjørn Talstad Rework),2022-07-27
The Tree,Ludovico Einaudi,The Tree,2023-01-06
Chichiro,Kye Wood,Chichiro,2023-03-10
Má sestra,Jani Lechleiter,Má sestra,2022-10-07
A Place To Hide,Boil The Ocean,A Place To Hide,2023-03-03
Poesia,Fernando Alegre,Poesia,2023-01-20
Solace,Claire Lerdier,Solace,2022-12-09
Me Time,Jakob München,Me Time,2023-03-09
Quiet Eyes,Davignon,Quiet Eyes,2023-02-24
Through The Blue - Piano Version,Roger Eno,Through The Blue (Piano Version),2023-03-29
Spring Thaw,Josh Jacobson,Spring Thaw,2023-05-05
Gently falling rain,Ivan Blois,Gently falling rain,2023-03-24
Benediction,Nadav Amir-Himmel,Benediction,2022-10-07
fields of forever - sleep rework,Chad Lawson,fields of forever (sleep rework),2023-02-17
Omoidasu,Crimson Memoirs,Omoidasu,2023-02-24
Matterello,Valeria Pintile,Matterello,2023-04-21
Sun sinking at dusk,Noemi Lucas,Sun sinking at dusk,2023-01-27
At The End Of The Day,Frederico Morales,The Old Oak Tree,2023-01-06
Fallen Flowers,Akira Kosemura,Fallen Flowers,2023-05-19
Lydian Fairytale,Nascondiglio,Lydian Fairytale,2022-12-30
Act Of Reconciling,Herbe Matin,Act Of Reconciling,2022-12-23
Sommarvals,Christian Peterson-Bergling,Midsommarnatt,2022-08-19
Take care,Wilson Trouvé,Take care,2023-01-20
Ved,Anton Lindholm,Ved,2023-01-20
Koto - piano room,Hideyuki Hashimoto,piano room,2022-11-25
The stars are listening,Carl Faber,The stars are listening,2023-03-31
Days Passing By,Noomi Meerbach,Passages,2022-12-05
Twilights,Mirta da Silva,Twilights,2023-01-27
Together Again,Cinthya Garcia,Together Again,2022-11-25
Tomorrow,Nate LaFleur,Tomorrow,2023-01-20
Peaceful Thoughts,Listening Wind,Peaceful Thoughts,2023-01-13
If You Should Go,Nora Gray,If You Should Go,2023-01-20
Tôt le matin,Alonzo Gautier,Tôt le matin,2022-11-25
Eclipsis,Ryley Moss,Eclipsis,2023-04-07
Reflections,Aquilegia,Reflections,2023-03-10
Shizukana,Isshi Matsuriza,Shizukana,2022-04-08
Léopoldine,Gaspar Parentau,Léopoldine,2022-11-11
Periferi,Aeyes Libe,Periferi,2023-01-06
in a room full of you,like gentle rain,in a room full of you,2022-12-12
Handmade,Bodi Lukasz,Handmade,2023-01-13
Mist,Sarah Keen,Mist,2022-09-09
Hand in Hand,Kylian Rebour,Hand in Hand,2023-02-03
Ballade Pour Elly,Oscar Sundberg,Ballade Pour Elly,2023-04-07
for you,Holly Jones,for you,2023-01-06
to god knows where - silence,BigRicePiano,to god knows where,2023-03-02
